{
  "seed": 0,
  "start": {
    "fixed_to_object": 0.07685393367969812,
    "moving_to_object": 0.12759925939244768,
    "fingertip_separation": 0.0528474416046389,
    "object_center": [
      0.2,
      -0.06,
      0.087
    ],
    "object_size": [
      0.024,
      0.024,
      0.024
    ],
    "grasp_center": [
      0.16809234295801234,
      -0.0009223762576215531,
      0.22553575627937292
    ],
    "fixed": {
      "id": 30,
      "name": "geom_30",
      "body": "gripper",
      "type": 7,
      "size": [
        0.029864171530202318,
        0.03260693243050255,
        0.07181142698283914
      ],
      "contype": 1,
      "conaffinity": 1,
      "friction": [
        1.0,
        0.005,
        0.0001
      ],
      "world_position": [
        0.15101622892028574,
        0.00048652675069770326,
        0.20542023136147344
      ]
    },
    "moving": {
      "id": 32,
      "name": "geom_32",
      "body": "moving_jaw_so101_v1",
      "type": 7,
      "size": [
        0.01045672651811113,
        0.024070622625896786,
        0.05787487253093234
      ],
      "contype": 1,
      "conaffinity": 1,
      "friction": [
        1.0,
        0.005,
        0.0001
      ],
      "world_position": [
        0.18516845699573897,
        -0.0023312792659408096,
        0.2456512811972724
      ]
    },
    "object": {
      "id": 37,
      "name": "cube_red",
      "body": "cube_red",
      "type": 6,
      "size": [
        0.012,
        0.012,
        0.012
      ],
      "contype": 1,
      "conaffinity": 1,
      "friction": [
        1.0,
        0.02,
        0.001
      ],
      "world_position": [
        0.2,
        -0.06,
        0.087
      ]
    }
  },
  "minimum_during_close": {
    "fixed_to_object": 0.07685393367969812,
    "moving_to_object": 0.12759925939244768,
    "fingertip_separation": 0.0419570198691454
  },
  "diagnosis": "both_distances_positive"
}