{
  "schema": "panda_contact_controller_v1",
  "controls": [
    {
      "width_m": 0.05,
      "state": "reset_invalid",
      "success": false,
      "transitions": [
        "open"
      ],
      "reset_distances_m": [
        0.016494809098571848,
        0.0,
        0.014129229693112587,
        0.0,
        0.014129229693112585,
        0.015067467731957888,
        0.016494809098571896,
        0.0,
        0.014129229693112649,
        0.015067467731957947,
        0.014129229693112647,
        0.01506746773195795
      ],
      "reset_contact_count": 0,
      "reset_valid": false,
      "reset_sweep_parity": {
        "quasistatic_left_m": 0.0,
        "quasistatic_right_m": 0.0,
        "dynamic_min_m": 0.0,
        "within_1mm": true
      },
      "object_pose_writes_after_reset": false,
      "records": []
    },
    {
      "width_m": 0.06,
      "state": "reset_invalid",
      "success": false,
      "transitions": [
        "open"
      ],
      "reset_distances_m": [
        0.01149480909857185,
        0.0,
        0.009129229693112587,
        0.010067467731957887,
        0.009129229693112587,
        0.01006746773195789,
        0.011494809098571897,
        0.010623763386139089,
        0.00912922969311265,
        0.010067467731957951,
        0.00912922969311265,
        0.010067467731957953
      ],
      "reset_contact_count": 0,
      "reset_valid": false,
      "reset_sweep_parity": {
        "quasistatic_left_m": 0.0,
        "quasistatic_right_m": 0.00912922969311265,
        "dynamic_min_m": 0.0,
        "within_1mm": true
      },
      "object_pose_writes_after_reset": false,
      "records": []
    }
  ],
  "force_limit_n": 70.0,
  "penetration_limit_m": -0.002,
  "required_persistent_steps": 5
}
